collection,word,han_viet,how,ambiguous_character,grade (ok/partly/wrong)
hsk-2,同事,đồng sự,characters,False,
hsk-1,小,tiểu,characters,False,
hsk-2,身体,thân thể,word-checked,False,
random-cedict,通行,thông hành,word-checked,False,
hsk-1,一,nhất,characters,True,
hsk-7-9,迭代,điệt đại,characters,True,
random-cedict,陳陳,trần trần,word-checked,False,
random-cedict,口氣,khẩu khí,word-checked,False,
random-cedict,物證,vật chứng,word-checked,False,
hsk-1,爱,ái,characters,True,
random-cedict,父子,phụ tử,word-checked,False,
random-cedict,意大利,ý đại lợi,word-checked,False,
hsk-1,爸爸,ba ba,characters,True,
random-cedict,木賊,mộc tặc,word-checked,False,
random-cedict,學區,học khu,word-checked,False,
random-cedict,德佛母,đức phật mẫu,word-checked,False,
random-cedict,半年,bán niên,word-checked,False,
hsk-2,时间,thời gian,word-checked,False,
hsk-1,中国,trung quốc,word-checked,False,
hsk-1,大,đại,characters,False,
random-cedict,軍隊,quân đội,word-checked,False,
hsk-1,茶,trà,characters,False,
random-cedict,騎兵,kị binh,characters,False,
random-cedict,體育,thể dục,word-checked,False,
hsk-1,北京,bắc kinh,word-checked,False,
random-cedict,大體,đại thể,word-checked,False,
random-cedict,手淫,thủ dâm,word-checked,False,
random-cedict,壬戌,nhâm tuất,word-checked,False,
random-cedict,無方,vô phương,word-checked,False,
random-cedict,失情,thất tình,word-checked,False,
hsk-1,狗,cẩu,characters,False,
random-cedict,和尚,hoà thượng,word-checked,False,
random-cedict,華僑,hoa kiều,word-checked,False,
hsk-2,下雨,hạ vũ,characters,False,
random-cedict,體制,thể chế,word-checked,False,
random-cedict,果實,quả thật,word-checked,False,
random-cedict,沙皇,sa hoàng,word-checked,False,
random-cedict,才色,tài sắc,word-checked,False,
random-cedict,月食,nguyệt thực,word-checked,False,
random-cedict,名冊書,danh sách thư,word-checked,False,
random-cedict,省略,tỉnh lược,word-checked,False,
random-cedict,公同,công đồng,word-checked,False,
hsk-1,明天,minh thiên,characters,True,
random-cedict,令和,lệnh hoà,word-checked,False,
random-cedict,微藻,vi tảo,word-checked,False,
random-cedict,立方,lập phương,word-checked,False,
hsk-1,天气,thiên khí,characters,False,
random-cedict,好漢,hảo hán,word-checked,False,
hsk-2,公司,công ti,word-checked,False,
hsk-4,适合,thích hợp,word-checked,False,
hsk-1,电脑,điện não,word-checked,False,
random-cedict,電化,điện hoá,word-checked,False,
hsk-1,你好,nhĩ hiếu,characters,True,
random-cedict,阮朝,nguyễn triều,word-checked,False,
hsk-2,知道,tri đạo,characters,True,
random-cedict,合金,hợp kim,word-checked,False,
random-cedict,足球,túc cầu,word-checked,False,
hsk-1,再见,tái kiến,characters,False,
random-cedict,無罪,vô tội,word-checked,False,
random-cedict,清化,thanh hoá,word-checked,False,
random-cedict,化合,hoá hợp,word-checked,False,
hsk-2,钱,tiền,characters,False,
random-cedict,辛酉,tân dậu,word-checked,False,
random-cedict,大眾,đại chúng,word-checked,False,
hsk-1,三,tam,characters,False,
random-cedict,下手,hạ thủ,word-checked,False,
hsk-2,工作,công tác,word-checked,False,
hsk-1,猫,miêu,characters,False,
random-cedict,放生,phóng sinh,word-checked,False,
random-cedict,微蟲,vi trùng,word-checked,False,
random-cedict,大寒,đại hàn,word-checked,False,
random-cedict,聲門,thanh môn,word-checked,False,
random-cedict,舉行,cử hành,word-checked,False,
random-cedict,體術,thể thuật,word-checked,False,
hsk-2,办法,biện pháp,word-checked,False,
random-cedict,好戰,hiếu chiến,word-checked,False,
random-cedict,女王,nữ vương,word-checked,False,
random-cedict,方針,phương châm,word-checked,False,
random-cedict,特務,đặc vụ,word-checked,False,
hsk-1,学生,học sinh,word-checked,False,
random-cedict,重力,trọng lực,word-checked,False,
random-cedict,春桃,xuân đào,word-checked,False,
random-cedict,戊辰,mậu thìn,word-checked,False,
random-cedict,武術,Võ thuật,characters,True,
random-cedict,半化石,bán hoá thạch,word-checked,False,
random-cedict,客體,khách thể,word-checked,False,
random-cedict,母權,mẫu quyền,word-checked,False,
hsk-1,今天,kim thiên,characters,True,
hsk-1,二,nhị,characters,False,
random-cedict,十六分,thập lục phân,word-checked,False,
random-cedict,示眾,thị chúng,word-checked,False,
random-cedict,熱核,nhiệt hạch,word-checked,False,
random-cedict,主權,chủ quyền,word-checked,False,
random-cedict,迷信,mê tín,word-checked,False,
hsk-1,书,thư,characters,True,
random-cedict,綏和,tuy hoà,word-checked,False,
hsk-2,经理,kinh Lý/Lí,characters,False,
hsk-1,水,thuỷ,characters,False,
random-cedict,自辱,tự nhục,word-checked,False,
random-cedict,秋水,thu thuỷ,characters,False,
