source,target_language,word,pos,english_sense,vietnamese,curated_vietnamese,grade (ok/partly/wrong)
enwikt-vi,zh,漩涡,,whirlpool; eddy; vortex,lốc,,
enwikt-vi,zh,栅条,,paling; fence rail,chấn song,,
enwikt-vi,zh,挎兜,,satchel; backpack,xà cột,,
enwikt-vi,en,decision,noun,,quyết định,quyết định,
enwikt-vi,zh,妈妈,noun,mother,me,mẹ,
enwikt-vi,zh,鲟鱼,,sturgeon,cá tầm,,
enwikt-vi,zh,一,num,one,ai,một,
enwikt-vi,en,miraculous,,,mầu,,
enwikt-vi,zh,椅子,,chair,chỗ ngồi,,
enwikt-vi,zh,恬静,,still; peaceful; quiet,còn,,
enwikt-vi,zh,习惯,noun,habit; to get used to,nếp,thói quen; quen với,
enwikt-vi,zh,颜色,noun,color,màu,màu sắc,
enwikt-vi,zh,电脑,noun,computer,máy vi tính,máy tính,
enwikt-vi,zh,评说,,to comment; to evaluate,cân nhắc,,
enwikt-vi,zh,嗓眼,,throat,họng,,
enwikt-vi,en,impetigo,,,chốc,,
enwikt-vi,en,morning,noun,,sáng,buổi sáng,
enwikt-vi,en,logistics,noun,,hậu cần,hậu cần,
enwikt-vi,en,relationship,noun,,nghĩa,mối quan hệ,
enwikt-vi,zh,那时,,then; at that time; in those days,bèn,,
enwikt-vi,zh,茶,noun,tea,chè,trà,
enwikt-vi,en,deceptive,,,mưu mẹo,,
enwikt-vi,zh,辐射,,to radiate; radiation,bức xạ,,
enwikt-vi,en,nobility,,,quý tộc,,
enwikt-vi,zh,幔子,,curtain; veil,màn,,
enwikt-vi,zh,究竟,,to go to the bottom of a matter; after all; when all is said and done,rốt cuộc,,
enwikt-vi,zh,擢升,,to promote (sb); to upgrade; to ascend,cất nhắc,,
enwikt-vi,zh,攘除,,to get rid of; to weed out; to reject,dẹp,,
enwikt-vi,zh,蜉蝣,,mayfly,thiêu thân,,
enwikt-vi,zh,幸福,,happiness; happy; blessed,hạnh phúc,,
enwikt-vi,zh,盈凸月,,full moon; waxing gibbous moon,trăng tròn,,
enwikt-vi,zh,哲学,,philosophy,triết học,,
enwikt-vi,zh,大,adj,big,to,"to, lớn",
enwikt-vi,en,drudgery,,,cù lao,,
enwikt-vi,zh,妞妞,,little girl,con bé,,
enwikt-vi,en,revenue,noun,,doanh số,doanh thu,
enwikt-vi,zh,机场,noun,airport,phi trường,sân bay,
enwikt-vi,en,client,noun,,khách,khách hàng,
enwikt-vi,en,clinking,,,rủng rỉnh,,
enwikt-vi,zh,融洽,,harmonious; friendly relations; on good terms with one another,hợp,,
enwikt-vi,zh,喑哑,,hoarse; raspy,khan,,
enwikt-vi,zh,猥獕,,vulgar; despicable; abject,tục,,
enwikt-vi,en,despise,,,căm phẫn,,
enwikt-vi,en,autobiography,,,tự truyện,,
enwikt-vi,zh,硙硙,,(literary) lofty; towering; (literary) glistening white; (literary) hard; solid,chót vót,,
enwikt-vi,en,rotation,,,tua,,
enwikt-vi,en,black cardamom,,,thảo quả,,
enwikt-vi,zh,蠓虫,,midge,ruồi nhuế,,
enwikt-vi,zh,书,noun,book,sách,sách,
enwikt-vi,en,experience,noun,,kinh nghiệm,kinh nghiệm,
enwikt-vi,zh,规条,,regulations,quy chế,,
enwikt-vi,zh,谆谆,,earnest; devoted; tireless,tha thiết,,
enwikt-vi,zh,壕沟,,trench; moat,hào,,
enwikt-vi,zh,代理商,,agent,đại diện,,
enwikt-vi,zh,查勘,,to investigate,cật vấn,,
enwikt-vi,zh,计划,noun,plan,đồ án,kế hoạch,
enwikt-vi,en,book,noun,,sách,quyển sách,
enwikt-vi,en,candidate,noun,,ứng cử viên,ứng viên,
enwikt-vi,en,grass,,,cỏ,,
enwikt-vi,zh,悚然,,frightened; terrified,kinh hãi,,
enwikt-vi,en,sick,,,bệnh,,
enwikt-vi,en,Nazism,,,chủ nghĩa Quốc xã,,
enwikt-vi,zh,明天,noun,tomorrow,ngày mai,ngày mai,
enwikt-vi,zh,祠庙,,ancestral hall; temple to one's forebears,tông miếu,,
enwikt-vi,zh,置辩,,to argue,debate,,
enwikt-vi,zh,杓子,,scoop,đấu,,
enwikt-vi,zh,呻吟,,to moan; to groan,rên,,
enwikt-vi,zh,峥嵘,,towering; lofty and steep (mountains); extraordinary,chót vót,,
enwikt-vi,zh,啴缓,,relaxed; unhurried,thoải mái,,
enwikt-vi,en,intermediate,,,trung cấp,,
enwikt-vi,zh,镯子,,bracelet,vòng,,
enwikt-vi,en,ambi-,,,ambi-,,
enwikt-vi,zh,瘆人,,scary,đáng sợ,,
enwikt-vi,zh,厌氧,,anaerobic,kị khí,,
enwikt-vi,en,question,noun,,câu hỏi,câu hỏi,
enwikt-vi,en,grassland,,,đồng cỏ,,
enwikt-vi,zh,恬然,,unperturbed; nonchalant,tỉnh bơ,,
enwikt-vi,zh,自由基,,free radical,gốc tự do,,
enwikt-vi,zh,倜傥,,(literary) (of a man) dashing; suave; free-spirited,ngọt ngào,,
enwikt-vi,zh,镕炉,,forge,lò rèn,,
enwikt-vi,zh,朋友,noun,friend,bạn hữu,bạn bè,
enwikt-vi,en,memory,noun,,trí nhớ,trí nhớ,
enwikt-vi,en,cause,,,căn,,
enwikt-vi,en,all-round,,,toàn diện,,
enwikt-vi,zh,你好,,hello,a-lô,xin chào,
enwikt-vi,zh,存钱罐,,piggy bank; coin bank; money box,heo đất,,
enwikt-vi,en,existence,,,tồn tại,,
enwikt-vi,zh,沮丧,,dispirited; dejected; dismayed,chán nản,,
enwikt-vi,zh,鳝鱼,,eel,cá chình,,
enwikt-vi,zh,镢头,,(dialect) mattock; hoe,cuốc,,
enwikt-vi,zh,疤痕,,scar,thẹo,,
enwikt-vi,en,debris,,,xà bần,,
enwikt-vi,zh,电视,noun,television,vô tuyến truyền hình,ti vi,
enwikt-vi,zh,罩衣,,overalls,quần yếm,,
enwikt-vi,en,work,noun,,công,công việc,
enwikt-vi,zh,睡房,,bedroom,phòng ngủ,,
enwikt-vi,en,slang,,,tiếng lóng,,
enwikt-vi,zh,复杂,adj,complicated; complex,phức tạp,phức tạp,
enwikt-vi,en,biceps,,,chuột,,
enwikt-vi,zh,火车,noun,train,tàu hoả,tàu hỏa,
