source,code,name,level,page
core_inventory,46,Discourse markers,A1,22
core_inventory,47,"Connecting words (and, but, because)",A1,22
core_inventory,55,Verb forms,A1,22
core_inventory,56,To be (including questions,A1,22
core_inventory,57,Have got (British),A1,22
core_inventory,58,Imperatives (+/-),A1,23
core_inventory,59,Questions,A1,23
core_inventory,60,Questions,A1,23
core_inventory,63,Present,A1,23
core_inventory,64,Present simple,A1,23
core_inventory,65,Present continuous,A1,23
core_inventory,66,Past,A1,23
core_inventory,67,Past simple,A1,23
core_inventory,68,Past simple (to be),A1,23
core_inventory,73,Future,A1,23
core_inventory,74,Going to,A1,23
core_inventory,85,I’d like,A1,23
core_inventory,86,Verb + -ing like/hate/love,A1,23
core_inventory,103,Modals,A1,23
core_inventory,104,Can/can’t (ability),A1,23
core_inventory,105,Can/could (functional),A1,23
core_inventory,121,Nouns,A1,23
core_inventory,123,There is/there are,A1,23
core_inventory,124,Pronouns,A1,23
core_inventory,125,Simple personal,A1,23
core_inventory,126,Possessives,A1,23
core_inventory,127,Possessive adjectives,A1,23
core_inventory,128,Possessive ‘s,A1,23
core_inventory,129,Possessive pronouns,A1,23
core_inventory,130,Prepositions and prepositional,A1,23
core_inventory,131,"Prepositions, common",A1,23
core_inventory,132,Prepositional phrases,A1,23
core_inventory,133a,Prepositions of place,A1,23
core_inventory,134,Articles,A1,23
core_inventory,135,"Definite, indefinite",A1,23
core_inventory,140,Determiners,A1,23
core_inventory,141,"Basic (e.g. any, some, a lot of)",A1,23
core_inventory,144,Adjectives,A1,23
core_inventory,145,Common,A1,23
core_inventory,146,Demonstrative,A1,23
core_inventory,149,"Comparative, superlative",A1,23
core_inventory,151,Adverbs,A1,23
core_inventory,152,Adverbs of frequency,A1,23
core_inventory,160,Intensifiers,A1,24
core_inventory,161,"Very basic (very, really)",A1,24
core_inventory,166,Lexis,A1,24
core_inventory,167,Nationalities and countries,A1,24
core_inventory,168,Personal information,A1,24
core_inventory,169,Food and drink,A1,24
core_inventory,170,"Things in the town, shops and",A1,24
core_inventory,171,Travel and services vocabulary,A1,24
core_inventory,172,"Verbs, basic",A1,24
core_inventory,173,Clothes,A1,24
core_inventory,174,Colours,A1,24
core_inventory,175,Dimensions,A1,24
core_inventory,176,Ways of travelling,A1,24
core_inventory,189,Topics,A1,24
core_inventory,190,Family life,A1,24
core_inventory,191,Hobbies and pastimes,A1,24
core_inventory,192,Holidays,A1,24
core_inventory,193,Work and jobs,A1,24
core_inventory,194,Shopping,A1,24
core_inventory,195,Leisure activities,A1,24
core_inventory,46,Discourse markers,A2,24
core_inventory,48,Linkers: sequential – past time,A2,24
core_inventory,55,Verb forms,A2,24
core_inventory,58,Imperatives (+/-),A2,24
core_inventory,59,Questions,A2,25
core_inventory,60,Questions,A2,25
core_inventory,61,Wh-questions in the past,A2,25
core_inventory,63,Present,A2,25
core_inventory,64,Present simple,A2,25
core_inventory,65,Present continuous,A2,25
core_inventory,66,Past,A2,25
core_inventory,67,Past simple,A2,25
core_inventory,68,Past continuous,A2,25
core_inventory,69,Used to,A2,25
core_inventory,73,Future,A2,25
core_inventory,74,Going to,A2,25
core_inventory,75,Present continuous for the future,A2,25
core_inventory,76,Future time (will & going to),A2,25
core_inventory,80,Present Perfect,A2,25
core_inventory,81,Present perfect,A2,25
core_inventory,84,Gerund and infinitive,A2,25
core_inventory,86,Gerunds,A2,25
core_inventory,86b,Verb + -ing/infinitive,A2,25
core_inventory,87,To + infinitive (express purpose),A2,25
core_inventory,88,Verb + to + infinitive,A2,25
core_inventory,89,Conditionals,A2,25
core_inventory,90,Zero and first conditional,A2,25
core_inventory,94,Phrasal Verbs,A2,25
core_inventory,95,"Phrasal verbs, common",A2,25
core_inventory,103,Modals,A2,25
core_inventory,105,Can/could,A2,25
core_inventory,106,Modals: Possibility,A2,25
core_inventory,107,"Might, May",A2,25
core_inventory,108,"Possibly, probably, perhaps",A2,25
core_inventory,111,Modals: Obligation & Necessity,A2,25
core_inventory,112,Must/mustn’t,A2,25
core_inventory,113,Have to,A2,25
core_inventory,115,Should,A2,25
core_inventory,121,Nouns,A2,25
core_inventory,126,Possessives,A2,25
core_inventory,128,Use of ‘s and s’,A2,25
core_inventory,129,Possessive pronouns,A2,25
core_inventory,130,Prepositions and prepositional,A2,25
core_inventory,132,Prepositions of time: on/at/in,A2,25
core_inventory,133,"Prepositional phrases (place, time",A2,26
core_inventory,134,Articles,A2,26
core_inventory,138,With countable and uncountable,A2,26
core_inventory,140,Determiners,A2,26
core_inventory,141,"Basic (e.g. any, some, a lot of)",A2,26
core_inventory,142,"Wider range (e.g. all, none, not (any),",A2,26
core_inventory,144,Adjectives,A2,26
core_inventory,146,Demonstrative,A2,26
core_inventory,147,Ending in ‘-ed’ and ‘-ing’,A2,26
core_inventory,149,"Adjectives – comparative, –",A2,26
core_inventory,150,"Adjectives – superlative, –",A2,26
core_inventory,151,Adverbs,A2,26
core_inventory,152,Adverbs of frequency,A2,26
core_inventory,153,"Simple adverbs of place, manner",A2,26
core_inventory,154,"Adverbial phrases of time, place",A2,26
core_inventory,160,Intensifiers,A2,26
core_inventory,161,"Very basic (very, really)",A2,26
core_inventory,162,"Basic (quite, so, a bit)",A2,26
core_inventory,166,Lexis,A2,26
core_inventory,169,Food and drink,A2,26
core_inventory,170,"Things in the town, shops and",A2,26
core_inventory,171,Travel and services vocabulary,A2,26
core_inventory,177,Objects and rooms,A2,26
core_inventory,178,"Adjectives: personality, description,",A2,26
core_inventory,189,Topics,A2,26
core_inventory,191,Hobbies and pastimes,A2,26
core_inventory,192,Holidays,A2,26
core_inventory,193,Work and jobs,A2,26
core_inventory,194,Shopping,A2,26
core_inventory,195,Leisure activities,A2,26
core_inventory,196,Education,A2,26
core_inventory,46,Discourse Markers,B1,27
core_inventory,48,Linkers: sequential – past time (later),B1,27
core_inventory,49,Connecting words expressing cause,B1,27
core_inventory,52,Markers to structure informal spoken,B1,27
core_inventory,59,Questions,B1,27
core_inventory,61,Wh-questions in the past,B1,27
core_inventory,62,Complex question tags,B1,27
core_inventory,55,Verb forms,B1,28
core_inventory,66,Past,B1,28
core_inventory,67,Simple past,B1,28
core_inventory,68,Past continuous,B1,28
core_inventory,69,Used to,B1,28
core_inventory,70,Would expressing habit in the past,B1,28
core_inventory,71,Past perfect,B1,28
core_inventory,73,Future,B1,28
core_inventory,76,Future time (will & going to),B1,28
core_inventory,77,Future continuous,B1,28
core_inventory,80,Present Perfect,B1,28
core_inventory,82,"Present perfect, past simple",B1,28
core_inventory,83,Present perfect continuous,B1,28
core_inventory,89,Conditionals,B1,28
core_inventory,90,Zero and first conditional,B1,28
core_inventory,91,Second and third conditional,B1,28
core_inventory,94,Phrasal Verbs,B1,28
core_inventory,96,Extended phrasal verbs,B1,28
core_inventory,97,Passives,B1,28
core_inventory,98,Simple passive,B1,28
core_inventory,100,Other verb forms,B1,28
core_inventory,101,Reported speech (range of tenses),B1,28
core_inventory,106,Modals: Possibility,B1,28
core_inventory,109,"Might, may, will, probably",B1,28
core_inventory,110,Must/can’t (deduction),B1,28
core_inventory,111,Modals: Obligation & Necessity,B1,28
core_inventory,114,Must/have to,B1,28
core_inventory,116,Ought to,B1,28
core_inventory,117,Need to,B1,28
core_inventory,118,Modals: Past,B1,29
core_inventory,134,Articles,B1,29
core_inventory,138,With countable and uncountable,B1,29
core_inventory,140,Determiners,B1,29
core_inventory,143,"Broad range (e.g. all the, most, both)",B1,29
core_inventory,144,Adjectives,B1,29
core_inventory,148,Collocation of adjective,B1,29
core_inventory,151,Adverbs,B1,29
core_inventory,154,"Adverbial phrases of time, place",B1,29
core_inventory,156,"Adverbial phrases of degree/extent,",B1,29
core_inventory,157,Comparative and superlative form,B1,29
core_inventory,160,Intensifiers,B1,29
core_inventory,163,Broader range of intensifiers,B1,29
core_inventory,164,"Wide range (such as extremely,",B1,29
core_inventory,166,Lexis,B1,29
core_inventory,170,"Things in the town, shops",B1,29
core_inventory,171,Travel and services vocabulary,B1,29
core_inventory,179,Contrasting opinions,B1,29
core_inventory,181,Collocation,B1,29
core_inventory,182,Colloquial language,B1,29
core_inventory,189,Topics,B1,29
core_inventory,195,Leisure activities,B1,29
core_inventory,196,Education,B1,29
core_inventory,197,Film,B1,29
core_inventory,198,Books and literature,B1,29
core_inventory,199,"News, lifestyles and current affairs",B1,29
core_inventory,200,Media,B1,29
core_inventory,46,Discourse Markers,B2,31
core_inventory,48,Linkers: sequential – past time,B2,31
core_inventory,49,Connecting words expressing cause,B2,31
core_inventory,50,"Linkers: although, in spite of, despite",B2,31
core_inventory,53,Discourse markers to structure formal,B2,31
core_inventory,55,Verb forms,B2,31
core_inventory,67,Simple past (narrative),B2,31
core_inventory,68,Past continuous (narrative),B2,31
core_inventory,69,Used to (narrative),B2,32
core_inventory,70,Would expressing habit in the past,B2,32
core_inventory,71,Past perfect,B2,32
core_inventory,72,Past perfect continuous,B2,32
core_inventory,73,Future,B2,32
core_inventory,76,Future time (will & going to),B2,32
core_inventory,77,Future continuous (Prediction),B2,32
core_inventory,78,Future perfect,B2,32
core_inventory,79,Future perfect continuous,B2,32
core_inventory,80,Present Perfect,B2,32
core_inventory,83,Present perfect continuous,B2,32
core_inventory,89,Conditionals,B2,32
core_inventory,92,Mixed conditionals,B2,32
core_inventory,93,Wish,B2,32
core_inventory,94,Phrasal Verbs,B2,32
core_inventory,96,Extended phrasal verb,B2,32
core_inventory,97,Passives,B2,32
core_inventory,99,All passive forms,B2,32
core_inventory,100,Other verb forms,B2,32
core_inventory,101,Reported speech (range of tenses),B2,32
core_inventory,102,Relative clauses,B2,32
core_inventory,118,Modals,B2,32
core_inventory,119,Modals of Deduction and Speculation,B2,32
core_inventory,120,"Modals: can’t have, needn’t have",B2,32
core_inventory,134,Articles,B2,32
core_inventory,139,With abstract nouns,B2,32
core_inventory,151,Adverbs,B2,33
core_inventory,155,Adjectives and adverbs,B2,33
core_inventory,158,Attitudinal adverbs,B2,33
core_inventory,160,Intensifiers,B2,33
core_inventory,165,Collocation of intensifiers,B2,33
core_inventory,166,Lexis,B2,33
core_inventory,179,Contrasting opinions,B2,33
core_inventory,180,Summarising exponents,B2,33
core_inventory,181,Collocation,B2,33
core_inventory,182,Colloquial language,B2,33
core_inventory,189,Topics,B2,33
core_inventory,196,Education,B2,33
core_inventory,197,Film,B2,33
core_inventory,198,Books and literature,B2,33
core_inventory,199,"News, lifestyles and current affairs",B2,33
core_inventory,200,Media,B2,33
core_inventory,46,Discourse Markers,C1,35
core_inventory,54a,Markers to structure and signpost,C1,35
core_inventory,54b,Markers to structure and signpost,C1,35
core_inventory,55,Verb forms,C1,35
core_inventory,66,"Narrative tenses for experiences,",C1,35
core_inventory,67,Simple past (narrative),C1,35
core_inventory,68,Past continuous (narrative),C1,35
core_inventory,69,Used to (narrative),C1,35
core_inventory,71,Past perfect (narrative),C1,35
core_inventory,72,Past perfect continuous (narrative),C1,35
core_inventory,76,Futures (revision),C1,35
core_inventory,89,Conditionals,C1,35
core_inventory,92,"Mixed conditionals in the past, present",C1,35
core_inventory,93,Wish/if only & regrets,C1,35
core_inventory,94,Phrasal Verbs,C1,35
core_inventory,96,Extended phrasal verbs (splitting),C1,35
core_inventory,97,Passives,C1,36
core_inventory,99,"Passive forms, all",C1,36
core_inventory,118,Modals in the past,C1,36
core_inventory,151,Adverbs,C1,36
core_inventory,159,Inversion (negative adverbials),C1,36
core_inventory,166,Lexis,C1,36
core_inventory,189,Topics,C1,36
core_inventory,198,Books and literature,C1,36
core_inventory,199,"News, lifestyles and current affairs",C1,36
core_inventory,200,Media,C1,36
