brief/DESIGN_PROJECT_CLAUDE.md	273	e532ae3d98005aaf7732f16815b15f816887a77ee2ad4c7da24906337981e11b
brief/ORENA_ADMIN_DESIGN_SPEC.md	42404	b342754b504f62ce7c819701cdbe7d74328e5e33ab3d6b483f5e347ec2d97385
brief/ORENA_DESIGN_FIDELITY_AND_COMPLETION_RULES.md	4371	fa5750676af2151476df43ac66fb9b614dd8f25fb95c2764cb52e3bea1a166fa
brief/ORENA_DESIGN_SPEC.md	85046	032f2b7a31fa363146d88814de8483fa5883b50afa606f20ce71a83ba2167eb7
data-contracts/AppShell.json	409	da8584ad78b35266918b37544c72f7fe6e5b9f9c79ad689cd54d0daf887d7432
data-contracts/AudioPlayer.json	275	fdd55140eea2406a0724b916581e38677532ebb144a87a6ab2148ba8b6cad14b
data-contracts/Chapter.json	249	e997cf52e40807c9094e8b9de3a17172ada7b83a150926d0185303df16f1490d
data-contracts/ContentCard.json	721	fad9a368c60539e0565293d34730742a554de7eba9fdb26da0522599f726901a
data-contracts/ContextClip.json	274	fd605efecbb661b0a4a5452e755a83b2dacd731c9c810e8556e9b34a83bcbf18
data-contracts/DictationResult.json	557	df7731b62725204a68f2004d0927b936b27dda48ef34f386055944b1c73f5c56
data-contracts/ProgressOverview.json	1130	f25b1b0dedbb143590a57f9744e7718b8f65c8eaa163b4c9df9f9fa6f93edb01
data-contracts/ProgressTrends.json	454	3e2057e443263a1e6d6b9dd7dcca45d4b8c75c3273657bdf1281a9ccf678e121
data-contracts/PronunciationResult.json	452	5d55192672f1b180c45ffdc92fd1b81255405c53fb749e526eea59f2e529dfbc
data-contracts/ReadingChapter.json	340	fe4897e1c69cdffb634e5c3f2be5a4768cf3e305e322fb26a07646c315cdb49c
data-contracts/RevisionCompare.json	593	55280c675b9067c388d6b7cf8317c5f2be6fa9ba277378a601fd3e7027601667
data-contracts/SentenceSheet.json	363	e51ac10e452f606762252127560effe349408cb9290c7bd514ac395359214637
data-contracts/Transcript.json	358	1a98dbbe3d15cfddd238079b793ac0d0b8272f2f34cee9f8032fb4f827118745
data-contracts/VocabularyCard.json	370	c1047dc9b4e195a8f401c17cc42408267b7704af662ea79f39cf3c49f51d2655
data-contracts/VocabularyCollection.json	394	85466a01789571aeafe3d723aba4c98827e514adb5ab9f93689d374541a260de
data-contracts/WordDetail.json	1131	13022f6dc1f6604fb33aa1cb98a779040ca835eee2c73a996bcf2f7fcbbbc521
data-contracts/WritingReview.json	576	d4d00ac19c5ad394b0a4528d6429479ae72473f8219bc0de1e132d048b185149
screens/Compare-With-Model.dc.html	79943	d954588a48079edc911c525456015d4bd6c450a71840ff875622439b6d41272e
screens/Onboarding.dc.html	64662	fe8f3d489bb673d35420857fc8d032264047686e178b4bc7136c83d0382ed085
screens/Orena-Admin.dc.html	228005	c41aa8a04b5fe26e57132d585124fb084fd5af09a7f6b543f58d6fd739a8b056
screens/Orena.dc.html	832485	7177e4c1da4a3fc439e1d6ed34adc120b0302a68c7b3cb352613842030b5b1f9
screens/support.js	69150	8fe7df74405f3c55f49b7249c74ea1397e65d07dea2b1bd3b4a489bec2e28cbe
superseded/7a5604ca/Orena-Admin-Control-Center.dc.html	224033	9861282fe35015a791c01f13eecc85316cf2609c54e096f8a3e5c525b0493002
superseded/7a5604ca/Orena-Home-Discover.dc.html	60189	c4ceacd49a21bb4c76bd14e5e3d94b4c98a636c1859fb8493c8ae677feb119fa
superseded/7a5604ca/Orena-Listening.dc.html	95302	e3923c20de80107e2294d06bba82f86ffb55b345710c5475a1906d0975602b67
superseded/7a5604ca/Orena-Progress.dc.html	101462	a7576e593f3d13e41eaeff98974395cdea00232ff6107c656efc0918c324d2b7
superseded/7a5604ca/Orena-Reading.dc.html	94122	fc7f7640dd845cf6a13552e1db8bd807aafb55ba126cf8167852450b55d8e297
superseded/7a5604ca/Orena-Speaking.dc.html	147855	6911e92a59b83605933aa2364cb89435fd9ffeb06db7e7ece0c943129acf7eba
superseded/7a5604ca/Orena-Thu-vien-cua-toi.dc.html	170256	bcf094c68d92a31d42c3bff161ebb7b9d6c02e5731a03621a7eeb2f0e840713b
superseded/7a5604ca/Orena-UI-Baseline.dc.html	90759	4d95a02bf38ae11036b1e513b706de9d3c2195c32dbfa5162f2fbc37a22820fa
superseded/7a5604ca/Orena-Vocabulary.dc.html	231614	5b5db337413e67a466e97d727526878c92564347321139c1a0d805bfca57decc
superseded/7a5604ca/Orena-Writing.dc.html	112995	4a237b239ecd22cdbd70b990aff00847b1c1ea90afab1f0d55a8cc19aeea2f8b
tokens.json	4576	80678f0f7c080a71950bd0f9b6418ceb7abf616b98b5abe059996644337f9c4f
